-- MySQL dump 10.13  Distrib 5.7.22, for Linux (x86_64)
--
-- Host: localhost    Database: projet_mn
-- ------------------------------------------------------
-- Server version	5.7.22-0ubuntu0.17.10.1

/*!40101 SET @OLD_CHARACTER_SET_CLIENT=@@CHARACTER_SET_CLIENT */;
/*!40101 SET @OLD_CHARACTER_SET_RESULTS=@@CHARACTER_SET_RESULTS */;
/*!40101 SET @OLD_COLLATION_CONNECTION=@@COLLATION_CONNECTION */;
/*!40101 SET NAMES utf8 */;
/*!40103 SET @OLD_TIME_ZONE=@@TIME_ZONE */;
/*!40103 SET TIME_ZONE='+00:00' */;
/*!40014 SET @OLD_UNIQUE_CHECKS=@@UNIQUE_CHECKS, UNIQUE_CHECKS=0 */;
/*!40014 SET @OLD_FOREIGN_KEY_CHECKS=@@FOREIGN_KEY_CHECKS, FOREIGN_KEY_CHECKS=0 */;
/*!40101 SET @OLD_SQL_MODE=@@SQL_MODE, SQL_MODE='NO_AUTO_VALUE_ON_ZERO' */;
/*!40111 SET @OLD_SQL_NOTES=@@SQL_NOTES, SQL_NOTES=0 */;

--
-- Table structure for table `comment`
--

DROP TABLE IF EXISTS `comment`;
/*!40101 SET @saved_cs_client     = @@character_set_client */;
/*!40101 SET character_set_client = utf8 */;
CREATE TABLE `comment` (
  `id` int(11) NOT NULL AUTO_INCREMENT,
  `firstname` varchar(45) NOT NULL,
  `lastname` varchar(45) NOT NULL,
  `date` datetime NOT NULL,
  `email` varchar(255) NOT NULL,
  `wilder` tinyint(1) DEFAULT NULL,
  `avatar` varchar(255) NOT NULL DEFAULT 'assets/images/avatar/default_avatar.jpg',
  `profession` varchar(45) NOT NULL,
  `company` varchar(45) NOT NULL,
  `valid` tinyint(1) NOT NULL,
  `like` int(11) NOT NULL,
  `question1` varchar(255) NOT NULL,
  `question2` varchar(255) NOT NULL,
  `question3` varchar(255) NOT NULL,
  `job_id` int(11) NOT NULL,
  PRIMARY KEY (`id`),
  KEY `fk_Comment_Job1_idx` (`job_id`),
  CONSTRAINT `fk_Comment_Job1` FOREIGN KEY (`job_id`) REFERENCES `job` (`id`) ON DELETE NO ACTION ON UPDATE NO ACTION
) ENGINE=InnoDB AUTO_INCREMENT=75 DEFAULT CHARSET=utf8;
/*!40101 SET character_set_client = @saved_cs_client */;

--
-- Dumping data for table `comment`
--

LOCK TABLES `comment` WRITE;
/*!40000 ALTER TABLE `comment` DISABLE KEYS */;
INSERT INTO `comment` VALUES (1,'Julia','LIMOUSIN','2018-04-27 11:59:00','julia.limousin@gmail.com',1,'assets/images/avatar/default_avatar.jpg','Développeur','Wild code school',1,0,'Lorem ipsum dolor sit amet, consectetur adipiscing elit, sed do eiusmod tempor incididunt ut labore et dolore magna aliqua.','Lorem ipsum dolor sit amet, consectetur adipiscing elit, sed do eiusmod tempor incididunt ut labore et dolore magna aliqua.','Lorem ipsum dolor sit amet, consectetur adipiscing elit, sed do eiusmod tempor incididunt ut labore et dolore magna aliqua. Ut enim ad minim veniam, quis nostrud exercitation ullamco laboris nisi ut aliquip ex ea commodo consequat.',1),(2,'Julien','ALEXANDRE','2018-04-27 11:59:00','julien.alexandre@gmail.com',1,'assets/images/avatar/default_avatar.jpg','Développeur','Wild code school',1,3,'Lorem ipsum dolor sit amet, consectetur adipiscing elit, sed do eiusmod tempor incididunt ut labore et dolore magna aliqua.','Lorem ipsum dolor sit amet, consectetur adipiscing elit, sed do eiusmod tempor incididunt ut labore et dolore magna aliqua.','Lorem ipsum dolor sit amet, consectetur adipiscing elit, sed do eiusmod tempor incididunt ut labore et dolore magna aliqua. Ut enim ad minim veniam, quis nostrud exercitation ullamco laboris nisi ut aliquip ex ea commodo consequat.',1),(3,'Cyril','DO','2018-04-27 11:59:00','cyril.do@gmail.com',1,'assets/images/avatar/default_avatar.jpg','Développeur','Wild code school',1,0,'Lorem ipsum dolor sit amet, consectetur adipiscing elit, sed do eiusmod tempor incididunt ut labore et dolore magna aliqua.','Lorem ipsum dolor sit amet, consectetur adipiscing elit, sed do eiusmod tempor incididunt ut labore et dolore magna aliqua.','Lorem ipsum dolor sit amet, consectetur adipiscing elit, sed do eiusmod tempor incididunt ut labore et dolore magna aliqua. Ut enim ad minim veniam, quis nostrud exercitation ullamco laboris nisi ut aliquip ex ea commodo consequat.',1),(4,'Steven','GRILLON','2018-04-27 11:59:00','steven.grillon@gmail.com',NULL,'assets/images/avatar/default_avatar.jpg','Développeur','Wild code school',1,0,'Lorem ipsum dolor sit amet, consectetur adipiscing elit, sed do eiusmod tempor incididunt ut labore et dolore magna aliqua.','Lorem ipsum dolor sit amet, consectetur adipiscing elit, sed do eiusmod tempor incididunt ut labore et dolore magna aliqua.','Lorem ipsum dolor sit amet, consectetur adipiscing elit, sed do eiusmod tempor incididunt ut labore et dolore magna aliqua. Ut enim ad minim veniam, quis nostrud exercitation ullamco laboris nisi ut aliquip ex ea commodo consequat.',1),(5,'Thomas','HUBERT','2018-04-27 11:59:00','thomas.hubert@gmail.com',NULL,'assets/images/avatar/default_avatar.jpg','Développeur','Wild code school',1,0,'Lorem ipsum dolor sit amet, consectetur adipiscing elit, sed do eiusmod tempor incididunt ut labore et dolore magna aliqua.','Lorem ipsum dolor sit amet, consectetur adipiscing elit, sed do eiusmod tempor incididunt ut labore et dolore magna aliqua.','Lorem ipsum dolor sit amet, consectetur adipiscing elit, sed do eiusmod tempor incididunt ut labore et dolore magna aliqua. Ut enim ad minim veniam, quis nostrud exercitation ullamco laboris nisi ut aliquip ex ea commodo consequat.',1),(6,'Julia','LIMOUSIN','2018-04-27 11:59:00','julia.limousin@gmail.com',1,'assets/images/avatar/default_avatar.jpg','Développeur','Wild code school',1,1,'Lorem ipsum dolor sit amet, consectetur adipiscing elit, sed do eiusmod tempor incididunt ut labore et dolore magna aliqua.','Lorem ipsum dolor sit amet, consectetur adipiscing elit, sed do eiusmod tempor incididunt ut labore et dolore magna aliqua.','Lorem ipsum dolor sit amet, consectetur adipiscing elit, sed do eiusmod tempor incididunt ut labore et dolore magna aliqua.',2),(7,'Julien','ALEXANDRE','2018-04-27 11:59:00','julien.alexandre@gmail.com',1,'assets/images/avatar/image5aeb313ef8056.jpg','Développeur','Wild code school',1,3,'Se creuser la tête sur les algo de Nicolas et Sylvain !','Chercher une parenthése mal fermée à 3h du matin aux hackatons...','La Wild c\'est géniale !',2),(8,'Cyril','DO','2018-04-27 11:59:00','cyril.do@gmail.com',NULL,'assets/images/avatar/default_avatar.jpg','Développeur','Wild code school',1,0,'Lorem ipsum dolor sit amet, consectetur adipiscing elit, sed do eiusmod tempor incididunt ut labore et dolore magna aliqua.','Lorem ipsum dolor sit amet, consectetur adipiscing elit, sed do eiusmod tempor incididunt ut labore et dolore magna aliqua.','Lorem ipsum dolor sit amet, consectetur adipiscing elit, sed do eiusmod tempor incididunt ut labore et dolore magna aliqua. Ut enim ad minim veniam, quis nostrud exercitation ullamco laboris nisi ut aliquip ex ea commodo consequat.',2),(9,'Steven','GRILLON','2018-04-27 11:59:00','steven.grillon@gmail.com',NULL,'assets/images/avatar/default_avatar.jpg','Développeur','Wild code school',1,0,'Lorem ipsum dolor sit amet, consectetur adipiscing elit, sed do eiusmod tempor incididunt ut labore et dolore magna aliqua.','Lorem ipsum dolor sit amet, consectetur adipiscing elit, sed do eiusmod tempor incididunt ut labore et dolore magna aliqua.','Lorem ipsum dolor sit amet, consectetur adipiscing elit, sed do eiusmod tempor incididunt ut labore et dolore magna aliqua. Ut enim ad minim veniam, quis nostrud exercitation ullamco laboris nisi ut aliquip ex ea commodo consequat.',2),(10,'Thomas','HUBERT','2018-04-27 11:59:00','thomas.hubert@gmail.com',NULL,'assets/images/avatar/default_avatar.jpg','Développeur','Wild code school',1,0,'Lorem ipsum dolor sit amet, consectetur adipiscing elit, sed do eiusmod tempor incididunt ut labore et dolore magna aliqua.','Lorem ipsum dolor sit amet, consectetur adipiscing elit, sed do eiusmod tempor incididunt ut labore et dolore magna aliqua.','Lorem ipsum dolor sit amet, consectetur adipiscing elit, sed do eiusmod tempor incididunt ut labore et dolore magna aliqua. Ut enim ad minim veniam, quis nostrud exercitation ullamco laboris nisi ut aliquip ex ea commodo consequat.',2),(11,'Julia','LIMOUSIN','2018-04-27 11:59:00','julia.limousin@gmail.com',1,'assets/images/avatar/default_avatar.jpg','Développeur','Wild code school',1,0,'Lorem ipsum dolor sit amet, consectetur adipiscing elit, sed do eiusmod tempor incididunt ut labore et dolore magna aliqua.','Lorem ipsum dolor sit amet, consectetur adipiscing elit, sed do eiusmod tempor incididunt ut labore et dolore magna aliqua.','Lorem ipsum dolor sit amet, consectetur adipiscing elit, sed do eiusmod tempor incididunt ut labore et dolore magna aliqua. Ut enim ad minim veniam, quis nostrud exercitation ullamco laboris nisi ut aliquip ex ea commodo consequat.',3),(12,'Julien','ALEXANDRE','2018-04-27 11:59:00','julien.alexandre@gmail.com',1,'assets/images/avatar/default_avatar.jpg','Développeur','Wild code school',1,0,'Lorem ipsum dolor sit amet, consectetur adipiscing elit, sed do eiusmod tempor incididunt ut labore et dolore magna aliqua.','Lorem ipsum dolor sit amet, consectetur adipiscing elit, sed do eiusmod tempor incididunt ut labore et dolore magna aliqua.','Lorem ipsum dolor sit amet, consectetur adipiscing elit, sed do eiusmod tempor incididunt ut labore et dolore magna aliqua. Ut enim ad minim veniam, quis nostrud exercitation ullamco laboris nisi ut aliquip ex ea commodo consequat.',3),(13,'Cyril','DO','2018-04-27 11:59:00','cyril.do@gmail.com',NULL,'assets/images/avatar/default_avatar.jpg','Développeur','Wild code school',1,0,'Lorem ipsum dolor sit amet, consectetur adipiscing elit, sed do eiusmod tempor incididunt ut labore et dolore magna aliqua.','Lorem ipsum dolor sit amet, consectetur adipiscing elit, sed do eiusmod tempor incididunt ut labore et dolore magna aliqua.','Lorem ipsum dolor sit amet, consectetur adipiscing elit, sed do eiusmod tempor incididunt ut labore et dolore magna aliqua. Ut enim ad minim veniam, quis nostrud exercitation ullamco laboris nisi ut aliquip ex ea commodo consequat.',3),(14,'Steven','GRILLON','2018-04-27 11:59:00','steven.grillon@gmail.com',NULL,'assets/images/avatar/default_avatar.jpg','Développeur','Wild code school',1,0,'Lorem ipsum dolor sit amet, consectetur adipiscing elit, sed do eiusmod tempor incididunt ut labore et dolore magna aliqua.','Lorem ipsum dolor sit amet, consectetur adipiscing elit, sed do eiusmod tempor incididunt ut labore et dolore magna aliqua.','Lorem ipsum dolor sit amet, consectetur adipiscing elit, sed do eiusmod tempor incididunt ut labore et dolore magna aliqua. Ut enim ad minim veniam, quis nostrud exercitation ullamco laboris nisi ut aliquip ex ea commodo consequat.',3),(15,'Thomas','HUBERT','2018-04-27 11:59:00','thomas.hubert@gmail.com',NULL,'assets/images/avatar/default_avatar.jpg','Développeur','Wild code school',1,0,'Lorem ipsum dolor sit amet, consectetur adipiscing elit, sed do eiusmod tempor incididunt ut labore et dolore magna aliqua.','Lorem ipsum dolor sit amet, consectetur adipiscing elit, sed do eiusmod tempor incididunt ut labore et dolore magna aliqua.','Lorem ipsum dolor sit amet, consectetur adipiscing elit, sed do eiusmod tempor incididunt ut labore et dolore magna aliqua. Ut enim ad minim veniam, quis nostrud exercitation ullamco laboris nisi ut aliquip ex ea commodo consequat.',3),(16,'Julia','LIMOUSIN','2018-04-27 11:59:00','julia.limousin@gmail.com',1,'assets/images/avatar/default_avatar.jpg','Développeur','Wild code school',1,1,'Lorem ipsum dolor sit amet, consectetur adipiscing elit, sed do eiusmod tempor incididunt ut labore et dolore magna aliqua.','Lorem ipsum dolor sit amet, consectetur adipiscing elit, sed do eiusmod tempor incididunt ut labore et dolore magna aliqua.','Lorem ipsum dolor sit amet, consectetur adipiscing elit, sed do eiusmod tempor incididunt ut labore et dolore magna aliqua. Ut enim ad minim veniam, quis nostrud exercitation ullamco laboris nisi ut aliquip ex ea commodo consequat.',4),(17,'Julien','ALEXANDRE','2018-04-27 11:59:00','julien.alexandre@gmail.com',1,'assets/images/avatar/default_avatar.jpg','Développeur','Wild code school',1,1,'Lorem ipsum dolor sit amet, consectetur adipiscing elit, sed do eiusmod tempor incididunt ut labore et dolore magna aliqua.','Lorem ipsum dolor sit amet, consectetur adipiscing elit, sed do eiusmod tempor incididunt ut labore et dolore magna aliqua.','Lorem ipsum dolor sit amet, consectetur adipiscing elit, sed do eiusmod tempor incididunt ut labore et dolore magna aliqua. Ut enim ad minim veniam, quis nostrud exercitation ullamco laboris nisi ut aliquip ex ea commodo consequat.',4),(18,'Cyril','DO','2018-04-27 11:59:00','cyril.do@gmail.com',NULL,'assets/images/avatar/default_avatar.jpg','Développeur','Wild code school',1,1,'Lorem ipsum dolor sit amet, consectetur adipiscing elit, sed do eiusmod tempor incididunt ut labore et dolore magna aliqua.','Lorem ipsum dolor sit amet, consectetur adipiscing elit, sed do eiusmod tempor incididunt ut labore et dolore magna aliqua.','Lorem ipsum dolor sit amet, consectetur adipiscing elit, sed do eiusmod tempor incididunt ut labore et dolore magna aliqua. Ut enim ad minim veniam, quis nostrud exercitation ullamco laboris nisi ut aliquip ex ea commodo consequat.',4),(19,'Steven','GRILLON','2018-04-27 11:59:00','steven.grillon@gmail.com',NULL,'assets/images/avatar/default_avatar.jpg','Développeur','Wild code school',1,0,'Lorem ipsum dolor sit amet, consectetur adipiscing elit, sed do eiusmod tempor incididunt ut labore et dolore magna aliqua.','Lorem ipsum dolor sit amet, consectetur adipiscing elit, sed do eiusmod tempor incididunt ut labore et dolore magna aliqua.','Lorem ipsum dolor sit amet, consectetur adipiscing elit, sed do eiusmod tempor incididunt ut labore et dolore magna aliqua. Ut enim ad minim veniam, quis nostrud exercitation ullamco laboris nisi ut aliquip ex ea commodo consequat.',4),(20,'Thomas','HUBERT','2018-04-27 11:59:00','thomas.hubert@gmail.com',NULL,'assets/images/avatar/default_avatar.jpg','Développeur','Wild code school',1,0,'Lorem ipsum dolor sit amet, consectetur adipiscing elit, sed do eiusmod tempor incididunt ut labore et dolore magna aliqua.','Lorem ipsum dolor sit amet, consectetur adipiscing elit, sed do eiusmod tempor incididunt ut labore et dolore magna aliqua.','Lorem ipsum dolor sit amet, consectetur adipiscing elit, sed do eiusmod tempor incididunt ut labore et dolore magna aliqua. Ut enim ad minim veniam, quis nostrud exercitation ullamco laboris nisi ut aliquip ex ea commodo consequat.',4),(21,'Julia','LIMOUSIN','2018-04-27 11:59:00','julia.limousin@gmail.com',1,'assets/images/avatar/default_avatar.jpg','Développeur','Wild code school',1,0,'Lorem ipsum dolor sit amet, consectetur adipiscing elit, sed do eiusmod tempor incididunt ut labore et dolore magna aliqua.','Lorem ipsum dolor sit amet, consectetur adipiscing elit, sed do eiusmod tempor incididunt ut labore et dolore magna aliqua.','Lorem ipsum dolor sit amet, consectetur adipiscing elit, sed do eiusmod tempor incididunt ut labore et dolore magna aliqua. Ut enim ad minim veniam, quis nostrud exercitation ullamco laboris nisi ut aliquip ex ea commodo consequat.',5),(22,'Julien','ALEXANDRE','2018-04-27 11:59:00','julien.alexandre@gmail.com',1,'assets/images/avatar/default_avatar.jpg','Développeur','Wild code school',1,0,'Lorem ipsum dolor sit amet, consectetur adipiscing elit, sed do eiusmod tempor incididunt ut labore et dolore magna aliqua.','Lorem ipsum dolor sit amet, consectetur adipiscing elit, sed do eiusmod tempor incididunt ut labore et dolore magna aliqua.','Lorem ipsum dolor sit amet, consectetur adipiscing elit, sed do eiusmod tempor incididunt ut labore et dolore magna aliqua. Ut enim ad minim veniam, quis nostrud exercitation ullamco laboris nisi ut aliquip ex ea commodo consequat.',5),(23,'Cyril','DO','2018-04-27 11:59:00','cyril.do@gmail.com',NULL,'assets/images/avatar/default_avatar.jpg','Développeur','Wild code school',1,0,'Lorem ipsum dolor sit amet, consectetur adipiscing elit, sed do eiusmod tempor incididunt ut labore et dolore magna aliqua.','Lorem ipsum dolor sit amet, consectetur adipiscing elit, sed do eiusmod tempor incididunt ut labore et dolore magna aliqua.','Lorem ipsum dolor sit amet, consectetur adipiscing elit, sed do eiusmod tempor incididunt ut labore et dolore magna aliqua. Ut enim ad minim veniam, quis nostrud exercitation ullamco laboris nisi ut aliquip ex ea commodo consequat.',5),(24,'Steven','GRILLON','2018-04-27 11:59:00','steven.grillon@gmail.com',NULL,'assets/images/avatar/default_avatar.jpg','Développeur','Wild code school',1,0,'Lorem ipsum dolor sit amet, consectetur adipiscing elit, sed do eiusmod tempor incididunt ut labore et dolore magna aliqua.','Lorem ipsum dolor sit amet, consectetur adipiscing elit, sed do eiusmod tempor incididunt ut labore et dolore magna aliqua.','Lorem ipsum dolor sit amet, consectetur adipiscing elit, sed do eiusmod tempor incididunt ut labore et dolore magna aliqua. Ut enim ad minim veniam, quis nostrud exercitation ullamco laboris nisi ut aliquip ex ea commodo consequat.',5),(25,'Thomas','HUBERT','2018-04-27 11:59:00','thomas.hubert@gmail.com',NULL,'assets/images/avatar/default_avatar.jpg','Développeur','Wild code school',1,0,'Lorem ipsum dolor sit amet, consectetur adipiscing elit, sed do eiusmod tempor incididunt ut labore et dolore magna aliqua.','Lorem ipsum dolor sit amet, consectetur adipiscing elit, sed do eiusmod tempor incididunt ut labore et dolore magna aliqua.','Lorem ipsum dolor sit amet, consectetur adipiscing elit, sed do eiusmod tempor incididunt ut labore et dolore magna aliqua. Ut enim ad minim veniam, quis nostrud exercitation ullamco laboris nisi ut aliquip ex ea commodo consequat.',5),(26,'Julia','LIMOUSIN','2018-04-27 11:59:00','julia.limousin@gmail.com',1,'assets/images/avatar/default_avatar.jpg','Développeur','Wild code school',1,0,'Lorem ipsum dolor sit amet, consectetur adipiscing elit, sed do eiusmod tempor incididunt ut labore et dolore magna aliqua.','Lorem ipsum dolor sit amet, consectetur adipiscing elit, sed do eiusmod tempor incididunt ut labore et dolore magna aliqua.','Lorem ipsum dolor sit amet, consectetur adipiscing elit, sed do eiusmod tempor incididunt ut labore et dolore magna aliqua. Ut enim ad minim veniam, quis nostrud exercitation ullamco laboris nisi ut aliquip ex ea commodo consequat.',6),(27,'Julien','ALEXANDRE','2018-04-27 11:59:00','julien.alexandre@gmail.com',1,'assets/images/avatar/default_avatar.jpg','Développeur','Wild code school',1,0,'Lorem ipsum dolor sit amet, consectetur adipiscing elit, sed do eiusmod tempor incididunt ut labore et dolore magna aliqua.','Lorem ipsum dolor sit amet, consectetur adipiscing elit, sed do eiusmod tempor incididunt ut labore et dolore magna aliqua.','Lorem ipsum dolor sit amet, consectetur adipiscing elit, sed do eiusmod tempor incididunt ut labore et dolore magna aliqua. Ut enim ad minim veniam, quis nostrud exercitation ullamco laboris nisi ut aliquip ex ea commodo consequat.',6),(28,'Cyril','DO','2018-04-27 11:59:00','cyril.do@gmail.com',NULL,'assets/images/avatar/default_avatar.jpg','Développeur','Wild code school',1,0,'Lorem ipsum dolor sit amet, consectetur adipiscing elit, sed do eiusmod tempor incididunt ut labore et dolore magna aliqua.','Lorem ipsum dolor sit amet, consectetur adipiscing elit, sed do eiusmod tempor incididunt ut labore et dolore magna aliqua.','Lorem ipsum dolor sit amet, consectetur adipiscing elit, sed do eiusmod tempor incididunt ut labore et dolore magna aliqua. Ut enim ad minim veniam, quis nostrud exercitation ullamco laboris nisi ut aliquip ex ea commodo consequat.',6),(29,'Steven','GRILLON','2018-04-27 11:59:00','steven.grillon@gmail.com',NULL,'assets/images/avatar/default_avatar.jpg','Développeur','Wild code school',1,0,'Lorem ipsum dolor sit amet, consectetur adipiscing elit, sed do eiusmod tempor incididunt ut labore et dolore magna aliqua.','Lorem ipsum dolor sit amet, consectetur adipiscing elit, sed do eiusmod tempor incididunt ut labore et dolore magna aliqua.','Lorem ipsum dolor sit amet, consectetur adipiscing elit, sed do eiusmod tempor incididunt ut labore et dolore magna aliqua. Ut enim ad minim veniam, quis nostrud exercitation ullamco laboris nisi ut aliquip ex ea commodo consequat.',6),(30,'Thomas','HUBERT','2018-04-27 11:59:00','thomas.hubert@gmail.com',NULL,'assets/images/avatar/default_avatar.jpg','Développeur','Wild code school',1,0,'Lorem ipsum dolor sit amet, consectetur adipiscing elit, sed do eiusmod tempor incididunt ut labore et dolore magna aliqua.','Lorem ipsum dolor sit amet, consectetur adipiscing elit, sed do eiusmod tempor incididunt ut labore et dolore magna aliqua.','Lorem ipsum dolor sit amet, consectetur adipiscing elit, sed do eiusmod tempor incididunt ut labore et dolore magna aliqua. Ut enim ad minim veniam, quis nostrud exercitation ullamco laboris nisi ut aliquip ex ea commodo consequat.',6),(31,'Julia','LIMOUSIN','2018-04-27 11:59:00','julia.limousin@gmail.com',1,'assets/images/avatar/default_avatar.jpg','Développeur','Wild code school',1,0,'Lorem ipsum dolor sit amet, consectetur adipiscing elit, sed do eiusmod tempor incididunt ut labore et dolore magna aliqua.','Lorem ipsum dolor sit amet, consectetur adipiscing elit, sed do eiusmod tempor incididunt ut labore et dolore magna aliqua.','Lorem ipsum dolor sit amet, consectetur adipiscing elit, sed do eiusmod tempor incididunt ut labore et dolore magna aliqua. Ut enim ad minim veniam, quis nostrud exercitation ullamco laboris nisi ut aliquip ex ea commodo consequat.',7),(32,'Julien','ALEXANDRE','2018-04-27 11:59:00','julien.alexandre@gmail.com',1,'assets/images/avatar/default_avatar.jpg','Développeur','Wild code school',1,0,'Lorem ipsum dolor sit amet, consectetur adipiscing elit, sed do eiusmod tempor incididunt ut labore et dolore magna aliqua.','Lorem ipsum dolor sit amet, consectetur adipiscing elit, sed do eiusmod tempor incididunt ut labore et dolore magna aliqua.','Lorem ipsum dolor sit amet, consectetur adipiscing elit, sed do eiusmod tempor incididunt ut labore et dolore magna aliqua. Ut enim ad minim veniam, quis nostrud exercitation ullamco laboris nisi ut aliquip ex ea commodo consequat.',7),(33,'Cyril','DO','2018-04-27 11:59:00','cyril.do@gmail.com',NULL,'assets/images/avatar/default_avatar.jpg','Développeur','Wild code school',1,0,'Lorem ipsum dolor sit amet, consectetur adipiscing elit, sed do eiusmod tempor incididunt ut labore et dolore magna aliqua.','Lorem ipsum dolor sit amet, consectetur adipiscing elit, sed do eiusmod tempor incididunt ut labore et dolore magna aliqua.','Lorem ipsum dolor sit amet, consectetur adipiscing elit, sed do eiusmod tempor incididunt ut labore et dolore magna aliqua. Ut enim ad minim veniam, quis nostrud exercitation ullamco laboris nisi ut aliquip ex ea commodo consequat.',7),(34,'Steven','GRILLON','2018-04-27 11:59:00','steven.grillon@gmail.com',NULL,'assets/images/avatar/default_avatar.jpg','Développeur','Wild code school',1,0,'Lorem ipsum dolor sit amet, consectetur adipiscing elit, sed do eiusmod tempor incididunt ut labore et dolore magna aliqua.','Lorem ipsum dolor sit amet, consectetur adipiscing elit, sed do eiusmod tempor incididunt ut labore et dolore magna aliqua.','Lorem ipsum dolor sit amet, consectetur adipiscing elit, sed do eiusmod tempor incididunt ut labore et dolore magna aliqua. Ut enim ad minim veniam, quis nostrud exercitation ullamco laboris nisi ut aliquip ex ea commodo consequat.',7),(35,'Thomas','HUBERT','2018-04-27 11:59:00','thomas.hubert@gmail.com',NULL,'assets/images/avatar/default_avatar.jpg','Développeur','Wild code school',1,0,'Lorem ipsum dolor sit amet, consectetur adipiscing elit, sed do eiusmod tempor incididunt ut labore et dolore magna aliqua.','Lorem ipsum dolor sit amet, consectetur adipiscing elit, sed do eiusmod tempor incididunt ut labore et dolore magna aliqua.','Lorem ipsum dolor sit amet, consectetur adipiscing elit, sed do eiusmod tempor incididunt ut labore et dolore magna aliqua. Ut enim ad minim veniam, quis nostrud exercitation ullamco laboris nisi ut aliquip ex ea commodo consequat.',7),(36,'Julia','LIMOUSIN','2018-04-27 11:59:00','julia.limousin@gmail.com',1,'assets/images/avatar/default_avatar.jpg','Développeur','Wild code school',1,0,'Lorem ipsum dolor sit amet, consectetur adipiscing elit, sed do eiusmod tempor incididunt ut labore et dolore magna aliqua.','Lorem ipsum dolor sit amet, consectetur adipiscing elit, sed do eiusmod tempor incididunt ut labore et dolore magna aliqua.','Lorem ipsum dolor sit amet, consectetur adipiscing elit, sed do eiusmod tempor incididunt ut labore et dolore magna aliqua. Ut enim ad minim veniam, quis nostrud exercitation ullamco laboris nisi ut aliquip ex ea commodo consequat.',8),(37,'Julien','ALEXANDRE','2018-04-27 11:59:00','julien.alexandre@gmail.com',1,'assets/images/avatar/default_avatar.jpg','Développeur','Wild code school',1,0,'Lorem ipsum dolor sit amet, consectetur adipiscing elit, sed do eiusmod tempor incididunt ut labore et dolore magna aliqua.','Lorem ipsum dolor sit amet, consectetur adipiscing elit, sed do eiusmod tempor incididunt ut labore et dolore magna aliqua.','Lorem ipsum dolor sit amet, consectetur adipiscing elit, sed do eiusmod tempor incididunt ut labore et dolore magna aliqua. Ut enim ad minim veniam, quis nostrud exercitation ullamco laboris nisi ut aliquip ex ea commodo consequat.',8),(38,'Cyril','DO','2018-04-27 11:59:00','cyril.do@gmail.com',NULL,'assets/images/avatar/default_avatar.jpg','Développeur','Wild code school',1,0,'Lorem ipsum dolor sit amet, consectetur adipiscing elit, sed do eiusmod tempor incididunt ut labore et dolore magna aliqua.','Lorem ipsum dolor sit amet, consectetur adipiscing elit, sed do eiusmod tempor incididunt ut labore et dolore magna aliqua.','Lorem ipsum dolor sit amet, consectetur adipiscing elit, sed do eiusmod tempor incididunt ut labore et dolore magna aliqua. Ut enim ad minim veniam, quis nostrud exercitation ullamco laboris nisi ut aliquip ex ea commodo consequat.',8),(39,'Steven','GRILLON','2018-04-27 11:59:00','steven.grillon@gmail.com',NULL,'assets/images/avatar/default_avatar.jpg','Développeur','Wild code school',1,0,'Lorem ipsum dolor sit amet, consectetur adipiscing elit, sed do eiusmod tempor incididunt ut labore et dolore magna aliqua.','Lorem ipsum dolor sit amet, consectetur adipiscing elit, sed do eiusmod tempor incididunt ut labore et dolore magna aliqua.','Lorem ipsum dolor sit amet, consectetur adipiscing elit, sed do eiusmod tempor incididunt ut labore et dolore magna aliqua. Ut enim ad minim veniam, quis nostrud exercitation ullamco laboris nisi ut aliquip ex ea commodo consequat.',8),(40,'Thomas','HUBERT','2018-04-27 11:59:00','thomas.hubert@gmail.com',NULL,'assets/images/avatar/default_avatar.jpg','Développeur','Wild code school',1,0,'Lorem ipsum dolor sit amet, consectetur adipiscing elit, sed do eiusmod tempor incididunt ut labore et dolore magna aliqua.','Lorem ipsum dolor sit amet, consectetur adipiscing elit, sed do eiusmod tempor incididunt ut labore et dolore magna aliqua.','Lorem ipsum dolor sit amet, consectetur adipiscing elit, sed do eiusmod tempor incididunt ut labore et dolore magna aliqua. Ut enim ad minim veniam, quis nostrud exercitation ullamco laboris nisi ut aliquip ex ea commodo consequat.',8),(41,'Julia','LIMOUSIN','2018-04-27 11:59:00','julia.limousin@gmail.com',1,'assets/images/avatar/default_avatar.jpg','Développeur','Wild code school',1,0,'Lorem ipsum dolor sit amet, consectetur adipiscing elit, sed do eiusmod tempor incididunt ut labore et dolore magna aliqua.','Lorem ipsum dolor sit amet, consectetur adipiscing elit, sed do eiusmod tempor incididunt ut labore et dolore magna aliqua.','Lorem ipsum dolor sit amet, consectetur adipiscing elit, sed do eiusmod tempor incididunt ut labore et dolore magna aliqua. Ut enim ad minim veniam, quis nostrud exercitation ullamco laboris nisi ut aliquip ex ea commodo consequat.',9),(42,'Julien','ALEXANDRE','2018-04-27 11:59:00','julien.alexandre@gmail.com',1,'assets/images/avatar/default_avatar.jpg','Développeur','Wild code school',1,0,'Lorem ipsum dolor sit amet, consectetur adipiscing elit, sed do eiusmod tempor incididunt ut labore et dolore magna aliqua.','Lorem ipsum dolor sit amet, consectetur adipiscing elit, sed do eiusmod tempor incididunt ut labore et dolore magna aliqua.','Lorem ipsum dolor sit amet, consectetur adipiscing elit, sed do eiusmod tempor incididunt ut labore et dolore magna aliqua. Ut enim ad minim veniam, quis nostrud exercitation ullamco laboris nisi ut aliquip ex ea commodo consequat.',9),(43,'Cyril','DO','2018-04-27 11:59:00','cyril.do@gmail.com',NULL,'assets/images/avatar/default_avatar.jpg','Développeur','Wild code school',1,0,'Lorem ipsum dolor sit amet, consectetur adipiscing elit, sed do eiusmod tempor incididunt ut labore et dolore magna aliqua.','Lorem ipsum dolor sit amet, consectetur adipiscing elit, sed do eiusmod tempor incididunt ut labore et dolore magna aliqua.','Lorem ipsum dolor sit amet, consectetur adipiscing elit, sed do eiusmod tempor incididunt ut labore et dolore magna aliqua. Ut enim ad minim veniam, quis nostrud exercitation ullamco laboris nisi ut aliquip ex ea commodo consequat.',9),(44,'Steven','GRILLON','2018-04-27 11:59:00','steven.grillon@gmail.com',NULL,'assets/images/avatar/default_avatar.jpg','Développeur','Wild code school',1,0,'Lorem ipsum dolor sit amet, consectetur adipiscing elit, sed do eiusmod tempor incididunt ut labore et dolore magna aliqua.','Lorem ipsum dolor sit amet, consectetur adipiscing elit, sed do eiusmod tempor incididunt ut labore et dolore magna aliqua.','Lorem ipsum dolor sit amet, consectetur adipiscing elit, sed do eiusmod tempor incididunt ut labore et dolore magna aliqua. Ut enim ad minim veniam, quis nostrud exercitation ullamco laboris nisi ut aliquip ex ea commodo consequat.',9),(45,'Thomas','HUBERT','2018-04-27 11:59:00','thomas.hubert@gmail.com',NULL,'assets/images/avatar/default_avatar.jpg','Développeur','Wild code school',1,0,'Lorem ipsum dolor sit amet, consectetur adipiscing elit, sed do eiusmod tempor incididunt ut labore et dolore magna aliqua.','Lorem ipsum dolor sit amet, consectetur adipiscing elit, sed do eiusmod tempor incididunt ut labore et dolore magna aliqua.','Lorem ipsum dolor sit amet, consectetur adipiscing elit, sed do eiusmod tempor incididunt ut labore et dolore magna aliqua. Ut enim ad minim veniam, quis nostrud exercitation ullamco laboris nisi ut aliquip ex ea commodo consequat.',9),(46,'Julia','LIMOUSIN','2018-04-27 11:59:00','julia.limousin@gmail.com',1,'assets/images/avatar/default_avatar.jpg','Développeur','Wild code school',1,0,'Lorem ipsum dolor sit amet, consectetur adipiscing elit, sed do eiusmod tempor incididunt ut labore et dolore magna aliqua.','Lorem ipsum dolor sit amet, consectetur adipiscing elit, sed do eiusmod tempor incididunt ut labore et dolore magna aliqua.','Lorem ipsum dolor sit amet, consectetur adipiscing elit, sed do eiusmod tempor incididunt ut labore et dolore magna aliqua. Ut enim ad minim veniam, quis nostrud exercitation ullamco laboris nisi ut aliquip ex ea commodo consequat.',10),(47,'Julien','ALEXANDRE','2018-04-27 11:59:00','julien.alexandre@gmail.com',1,'assets/images/avatar/default_avatar.jpg','Développeur','Wild code school',1,0,'Lorem ipsum dolor sit amet, consectetur adipiscing elit, sed do eiusmod tempor incididunt ut labore et dolore magna aliqua.','Lorem ipsum dolor sit amet, consectetur adipiscing elit, sed do eiusmod tempor incididunt ut labore et dolore magna aliqua.','Lorem ipsum dolor sit amet, consectetur adipiscing elit, sed do eiusmod tempor incididunt ut labore et dolore magna aliqua. Ut enim ad minim veniam, quis nostrud exercitation ullamco laboris nisi ut aliquip ex ea commodo consequat.',10),(48,'Cyril','DO','2018-04-27 11:59:00','cyril.do@gmail.com',NULL,'assets/images/avatar/default_avatar.jpg','Développeur','Wild code school',1,0,'Lorem ipsum dolor sit amet, consectetur adipiscing elit, sed do eiusmod tempor incididunt ut labore et dolore magna aliqua.','Lorem ipsum dolor sit amet, consectetur adipiscing elit, sed do eiusmod tempor incididunt ut labore et dolore magna aliqua.','Lorem ipsum dolor sit amet, consectetur adipiscing elit, sed do eiusmod tempor incididunt ut labore et dolore magna aliqua. Ut enim ad minim veniam, quis nostrud exercitation ullamco laboris nisi ut aliquip ex ea commodo consequat.',10),(49,'Steven','GRILLON','2018-04-27 11:59:00','steven.grillon@gmail.com',NULL,'assets/images/avatar/default_avatar.jpg','Développeur','Wild code school',1,0,'Lorem ipsum dolor sit amet, consectetur adipiscing elit, sed do eiusmod tempor incididunt ut labore et dolore magna aliqua.','Lorem ipsum dolor sit amet, consectetur adipiscing elit, sed do eiusmod tempor incididunt ut labore et dolore magna aliqua.','Lorem ipsum dolor sit amet, consectetur adipiscing elit, sed do eiusmod tempor incididunt ut labore et dolore magna aliqua. Ut enim ad minim veniam, quis nostrud exercitation ullamco laboris nisi ut aliquip ex ea commodo consequat.',10),(50,'Thomas','HUBERT','2018-04-27 11:59:00','thomas.hubert@gmail.com',NULL,'assets/images/avatar/default_avatar.jpg','Développeur','Wild code school',1,0,'Lorem ipsum dolor sit amet, consectetur adipiscing elit, sed do eiusmod tempor incididunt ut labore et dolore magna aliqua.','Lorem ipsum dolor sit amet, consectetur adipiscing elit, sed do eiusmod tempor incididunt ut labore et dolore magna aliqua.','Lorem ipsum dolor sit amet, consectetur adipiscing elit, sed do eiusmod tempor incididunt ut labore et dolore magna aliqua. Ut enim ad minim veniam, quis nostrud exercitation ullamco laboris nisi ut aliquip ex ea commodo consequat.',10),(51,'Julia','LIMOUSIN','2018-04-27 11:59:00','julia.limousin@gmail.com',1,'assets/images/avatar/default_avatar.jpg','Développeur','Wild code school',1,1,'Lorem ipsum dolor sit amet, consectetur adipiscing elit, sed do eiusmod tempor incididunt ut labore et dolore magna aliqua.','Lorem ipsum dolor sit amet, consectetur adipiscing elit, sed do eiusmod tempor incididunt ut labore et dolore magna aliqua.','Lorem ipsum dolor sit amet, consectetur adipiscing elit, sed do eiusmod tempor incididunt ut labore et dolore magna aliqua. Ut enim ad minim veniam, quis nostrud exercitation ullamco laboris nisi ut aliquip ex ea commodo consequat.',11),(52,'Julien','ALEXANDRE','2018-04-27 11:59:00','julien.alexandre@gmail.com',1,'assets/images/avatar/default_avatar.jpg','Développeur','Wild code school',1,1,'Lorem ipsum dolor sit amet, consectetur adipiscing elit, sed do eiusmod tempor incididunt ut labore et dolore magna aliqua.','Lorem ipsum dolor sit amet, consectetur adipiscing elit, sed do eiusmod tempor incididunt ut labore et dolore magna aliqua.','Lorem ipsum dolor sit amet, consectetur adipiscing elit, sed do eiusmod tempor incididunt ut labore et dolore magna aliqua. Ut enim ad minim veniam, quis nostrud exercitation ullamco laboris nisi ut aliquip ex ea commodo consequat.',11),(53,'Cyril','DO','2018-04-27 11:59:00','cyril.do@gmail.com',NULL,'assets/images/avatar/default_avatar.jpg','Développeur','Wild code school',1,1,'Lorem ipsum dolor sit amet, consectetur adipiscing elit, sed do eiusmod tempor incididunt ut labore et dolore magna aliqua.','Lorem ipsum dolor sit amet, consectetur adipiscing elit, sed do eiusmod tempor incididunt ut labore et dolore magna aliqua.','Lorem ipsum dolor sit amet, consectetur adipiscing elit, sed do eiusmod tempor incididunt ut labore et dolore magna aliqua. Ut enim ad minim veniam, quis nostrud exercitation ullamco laboris nisi ut aliquip ex ea commodo consequat.',11),(54,'Steven','GRILLON','2018-04-27 11:59:00','steven.grillon@gmail.com',NULL,'assets/images/avatar/default_avatar.jpg','Développeur','Wild code school',1,0,'Lorem ipsum dolor sit amet, consectetur adipiscing elit, sed do eiusmod tempor incididunt ut labore et dolore magna aliqua.','Lorem ipsum dolor sit amet, consectetur adipiscing elit, sed do eiusmod tempor incididunt ut labore et dolore magna aliqua.','Lorem ipsum dolor sit amet, consectetur adipiscing elit, sed do eiusmod tempor incididunt ut labore et dolore magna aliqua. Ut enim ad minim veniam, quis nostrud exercitation ullamco laboris nisi ut aliquip ex ea commodo consequat.',11),(55,'Thomas','HUBERT','2018-04-27 11:59:00','thomas.hubert@gmail.com',NULL,'assets/images/avatar/default_avatar.jpg','Développeur','Wild code school',1,0,'Lorem ipsum dolor sit amet, consectetur adipiscing elit, sed do eiusmod tempor incididunt ut labore et dolore magna aliqua.','Lorem ipsum dolor sit amet, consectetur adipiscing elit, sed do eiusmod tempor incididunt ut labore et dolore magna aliqua.','Lorem ipsum dolor sit amet, consectetur adipiscing elit, sed do eiusmod tempor incididunt ut labore et dolore magna aliqua. Ut enim ad minim veniam, quis nostrud exercitation ullamco laboris nisi ut aliquip ex ea commodo consequat.',11),(56,'Julia','LIMOUSIN','2018-04-27 11:59:00','julia.limousin@gmail.com',1,'assets/images/avatar/default_avatar.jpg','Développeur','Wild code school',1,0,'Lorem ipsum dolor sit amet, consectetur adipiscing elit, sed do eiusmod tempor incididunt ut labore et dolore magna aliqua.','Lorem ipsum dolor sit amet, consectetur adipiscing elit, sed do eiusmod tempor incididunt ut labore et dolore magna aliqua.','Lorem ipsum dolor sit amet, consectetur adipiscing elit, sed do eiusmod tempor incididunt ut labore et dolore magna aliqua. Ut enim ad minim veniam, quis nostrud exercitation ullamco laboris nisi ut aliquip ex ea commodo consequat.',12),(57,'Julien','ALEXANDRE','2018-04-27 11:59:00','julien.alexandre@gmail.com',1,'assets/images/avatar/default_avatar.jpg','Développeur','Wild code school',1,0,'Lorem ipsum dolor sit amet, consectetur adipiscing elit, sed do eiusmod tempor incididunt ut labore et dolore magna aliqua.','Lorem ipsum dolor sit amet, consectetur adipiscing elit, sed do eiusmod tempor incididunt ut labore et dolore magna aliqua.','Lorem ipsum dolor sit amet, consectetur adipiscing elit, sed do eiusmod tempor incididunt ut labore et dolore magna aliqua. Ut enim ad minim veniam, quis nostrud exercitation ullamco laboris nisi ut aliquip ex ea commodo consequat.',12),(58,'Cyril','DO','2018-04-27 11:59:00','cyril.do@gmail.com',NULL,'assets/images/avatar/default_avatar.jpg','Développeur','Wild code school',1,0,'Lorem ipsum dolor sit amet, consectetur adipiscing elit, sed do eiusmod tempor incididunt ut labore et dolore magna aliqua.','Lorem ipsum dolor sit amet, consectetur adipiscing elit, sed do eiusmod tempor incididunt ut labore et dolore magna aliqua.','Lorem ipsum dolor sit amet, consectetur adipiscing elit, sed do eiusmod tempor incididunt ut labore et dolore magna aliqua. Ut enim ad minim veniam, quis nostrud exercitation ullamco laboris nisi ut aliquip ex ea commodo consequat.',12),(59,'Steven','GRILLON','2018-04-27 11:59:00','steven.grillon@gmail.com',NULL,'assets/images/avatar/default_avatar.jpg','Développeur','Wild code school',1,0,'Lorem ipsum dolor sit amet, consectetur adipiscing elit, sed do eiusmod tempor incididunt ut labore et dolore magna aliqua.','Lorem ipsum dolor sit amet, consectetur adipiscing elit, sed do eiusmod tempor incididunt ut labore et dolore magna aliqua.','Lorem ipsum dolor sit amet, consectetur adipiscing elit, sed do eiusmod tempor incididunt ut labore et dolore magna aliqua. Ut enim ad minim veniam, quis nostrud exercitation ullamco laboris nisi ut aliquip ex ea commodo consequat.',12),(60,'Thomas','HUBERT','2018-04-27 11:59:00','thomas.hubert@gmail.com',NULL,'assets/images/avatar/default_avatar.jpg','Développeur','Wild code school',1,0,'Lorem ipsum dolor sit amet, consectetur adipiscing elit, sed do eiusmod tempor incididunt ut labore et dolore magna aliqua.','Lorem ipsum dolor sit amet, consectetur adipiscing elit, sed do eiusmod tempor incididunt ut labore et dolore magna aliqua.','Lorem ipsum dolor sit amet, consectetur adipiscing elit, sed do eiusmod tempor incididunt ut labore et dolore magna aliqua. Ut enim ad minim veniam, quis nostrud exercitation ullamco laboris nisi ut aliquip ex ea commodo consequat.',12),(61,'Julia','LIMOUSIN','2018-04-27 11:59:00','julia.limousin@gmail.com',1,'assets/images/avatar/default_avatar.jpg','Développeur','Wild code school',1,0,'Lorem ipsum dolor sit amet, consectetur adipiscing elit, sed do eiusmod tempor incididunt ut labore et dolore magna aliqua.','Lorem ipsum dolor sit amet, consectetur adipiscing elit, sed do eiusmod tempor incididunt ut labore et dolore magna aliqua.','Lorem ipsum dolor sit amet, consectetur adipiscing elit, sed do eiusmod tempor incididunt ut labore et dolore magna aliqua. Ut enim ad minim veniam, quis nostrud exercitation ullamco laboris nisi ut aliquip ex ea commodo consequat.',13),(62,'Julien','ALEXANDRE','2018-04-27 11:59:00','julien.alexandre@gmail.com',1,'assets/images/avatar/default_avatar.jpg','Développeur','Wild code school',1,0,'Lorem ipsum dolor sit amet, consectetur adipiscing elit, sed do eiusmod tempor incididunt ut labore et dolore magna aliqua.','Lorem ipsum dolor sit amet, consectetur adipiscing elit, sed do eiusmod tempor incididunt ut labore et dolore magna aliqua.','Lorem ipsum dolor sit amet, consectetur adipiscing elit, sed do eiusmod tempor incididunt ut labore et dolore magna aliqua. Ut enim ad minim veniam, quis nostrud exercitation ullamco laboris nisi ut aliquip ex ea commodo consequat.',13),(63,'Cyril','DO','2018-04-27 11:59:00','cyril.do@gmail.com',NULL,'assets/images/avatar/default_avatar.jpg','Développeur','Wild code school',1,0,'Lorem ipsum dolor sit amet, consectetur adipiscing elit, sed do eiusmod tempor incididunt ut labore et dolore magna aliqua.','Lorem ipsum dolor sit amet, consectetur adipiscing elit, sed do eiusmod tempor incididunt ut labore et dolore magna aliqua.','Lorem ipsum dolor sit amet, consectetur adipiscing elit, sed do eiusmod tempor incididunt ut labore et dolore magna aliqua. Ut enim ad minim veniam, quis nostrud exercitation ullamco laboris nisi ut aliquip ex ea commodo consequat.',13),(64,'Steven','GRILLON','2018-04-27 11:59:00','steven.grillon@gmail.com',NULL,'assets/images/avatar/default_avatar.jpg','Développeur','Wild code school',1,0,'Lorem ipsum dolor sit amet, consectetur adipiscing elit, sed do eiusmod tempor incididunt ut labore et dolore magna aliqua.','Lorem ipsum dolor sit amet, consectetur adipiscing elit, sed do eiusmod tempor incididunt ut labore et dolore magna aliqua.','Lorem ipsum dolor sit amet, consectetur adipiscing elit, sed do eiusmod tempor incididunt ut labore et dolore magna aliqua. Ut enim ad minim veniam, quis nostrud exercitation ullamco laboris nisi ut aliquip ex ea commodo consequat.',13),(65,'Thomas','HUBERT','2018-04-27 11:59:00','thomas.hubert@gmail.com',NULL,'assets/images/avatar/default_avatar.jpg','Développeur','Wild code school',1,0,'Lorem ipsum dolor sit amet, consectetur adipiscing elit, sed do eiusmod tempor incididunt ut labore et dolore magna aliqua.','Lorem ipsum dolor sit amet, consectetur adipiscing elit, sed do eiusmod tempor incididunt ut labore et dolore magna aliqua.','Lorem ipsum dolor sit amet, consectetur adipiscing elit, sed do eiusmod tempor incididunt ut labore et dolore magna aliqua. Ut enim ad minim veniam, quis nostrud exercitation ullamco laboris nisi ut aliquip ex ea commodo consequat.',13),(66,'Julia','LIMOUSIN','2018-04-27 11:59:00','julia.limousin@gmail.com',1,'assets/images/avatar/default_avatar.jpg','Développeur','Wild code school',1,0,'Lorem ipsum dolor sit amet, consectetur adipiscing elit, sed do eiusmod tempor incididunt ut labore et dolore magna aliqua.','Lorem ipsum dolor sit amet, consectetur adipiscing elit, sed do eiusmod tempor incididunt ut labore et dolore magna aliqua.','Lorem ipsum dolor sit amet, consectetur adipiscing elit, sed do eiusmod tempor incididunt ut labore et dolore magna aliqua. Ut enim ad minim veniam, quis nostrud exercitation ullamco laboris nisi ut aliquip ex ea commodo consequat.',14),(67,'Julien','ALEXANDRE','2018-04-27 11:59:00','julien.alexandre@gmail.com',1,'assets/images/avatar/default_avatar.jpg','Développeur','Wild code school',1,0,'Lorem ipsum dolor sit amet, consectetur adipiscing elit, sed do eiusmod tempor incididunt ut labore et dolore magna aliqua.','Lorem ipsum dolor sit amet, consectetur adipiscing elit, sed do eiusmod tempor incididunt ut labore et dolore magna aliqua.','Lorem ipsum dolor sit amet, consectetur adipiscing elit, sed do eiusmod tempor incididunt ut labore et dolore magna aliqua. Ut enim ad minim veniam, quis nostrud exercitation ullamco laboris nisi ut aliquip ex ea commodo consequat.',14),(68,'Cyril','DO','2018-04-27 11:59:00','cyril.do@gmail.com',NULL,'assets/images/avatar/default_avatar.jpg','Développeur','Wild code school',1,0,'Lorem ipsum dolor sit amet, consectetur adipiscing elit, sed do eiusmod tempor incididunt ut labore et dolore magna aliqua.','Lorem ipsum dolor sit amet, consectetur adipiscing elit, sed do eiusmod tempor incididunt ut labore et dolore magna aliqua.','Lorem ipsum dolor sit amet, consectetur adipiscing elit, sed do eiusmod tempor incididunt ut labore et dolore magna aliqua. Ut enim ad minim veniam, quis nostrud exercitation ullamco laboris nisi ut aliquip ex ea commodo consequat.',14),(69,'Steven','GRILLON','2018-04-27 11:59:00','steven.grillon@gmail.com',NULL,'assets/images/avatar/default_avatar.jpg','Développeur','Wild code school',1,0,'Lorem ipsum dolor sit amet, consectetur adipiscing elit, sed do eiusmod tempor incididunt ut labore et dolore magna aliqua.','Lorem ipsum dolor sit amet, consectetur adipiscing elit, sed do eiusmod tempor incididunt ut labore et dolore magna aliqua.','Lorem ipsum dolor sit amet, consectetur adipiscing elit, sed do eiusmod tempor incididunt ut labore et dolore magna aliqua. Ut enim ad minim veniam, quis nostrud exercitation ullamco laboris nisi ut aliquip ex ea commodo consequat.',14),(70,'Thomas','HUBERT','2018-04-27 11:59:00','thomas.hubert@gmail.com',NULL,'assets/images/avatar/default_avatar.jpg','Développeur','Wild code school',1,0,'Lorem ipsum dolor sit amet, consectetur adipiscing elit, sed do eiusmod tempor incididunt ut labore et dolore magna aliqua.','Lorem ipsum dolor sit amet, consectetur adipiscing elit, sed do eiusmod tempor incididunt ut labore et dolore magna aliqua.','Lorem ipsum dolor sit amet, consectetur adipiscing elit, sed do eiusmod tempor incididunt ut labore et dolore magna aliqua. Ut enim ad minim veniam, quis nostrud exercitation ullamco laboris nisi ut aliquip ex ea commodo consequat.',14),(71,'Patrick','FAUCHEUX','2018-05-03 17:34:23','patrick.faucheux@gmail.com',1,'assets/images/avatar/image5aeb2bffee7ca.png','Développeur web','Smart Moving',1,8,'Rester au contact des nouvelles technologies, chercher et trouver des solutions pour des problématiques toujours différentes. On ne s\'ennuie jamais !','Travailler seul.','J\'aime bien suivre ou participer aux hackathons, échanger ente collègues pour comparer nos solutions, me fritter à des problèmes de logique. Et boire du café !',2),(72,'Nicolas','VINCENT','2018-05-03 17:50:46','nicolas@wildcodeschool.fr',0,'assets/images/avatar/image5aeb2fd63b139.png','Formateur / lead dev','Wild Code School (Orléans)',1,6,'Pouvoir se mettre à jour sur les technos régulièrement. L\'amélioration continue. Rencontrer des gens motivés de tous horizons.','Pas assez de temps pour tout faire.','C\'est un métier de passionné.',2),(73,'Sylvain','BLONDEAU','2018-05-03 17:56:46','sylvain@wildcodeschool.fr',0,'assets/images/avatar/image5aeb313ef4062.jpeg','Formateur PHP/Symfony','Wild Code School',1,4,'Découvrir et apprendre de nouvelles choses tous les jours et chercher des gifs pour illustrer les diapos de cours ;-).','Les périodes de maintenances. Heureusement, je n\'ai jamais de bugs !.','\'; DROP DATABASE metiersnumeriques;\r\nBon ça va, les formateurs sont bons, vous savez gérer les injections SQL !.',2),(74,'Charlotte','PRIEUR','2018-05-03 18:04:44','charlotte.prieur@yahoo.fr',1,'assets/images/avatar/default_avatar.jpg','Développeur web','Draw Me A GArden',1,4,'Faire apparaître des éléments et données diverses comme par magie. Tout en sachant que rien n\'est magique mis à part certaines méthodes de symfony ! ;-).','Les erreurs !!!.','P***** de questionnaire !.',2);
/*!40000 ALTER TABLE `comment` ENABLE KEYS */;
UNLOCK TABLES;

--
-- Table structure for table `job`
--

DROP TABLE IF EXISTS `job`;
/*!40101 SET @saved_cs_client     = @@character_set_client */;
/*!40101 SET character_set_client = utf8 */;
CREATE TABLE `job` (
  `id` int(11) NOT NULL AUTO_INCREMENT,
  `name` varchar(255) NOT NULL,
  `resum` text NOT NULL,
  `description` text NOT NULL,
  `image` varchar(255) DEFAULT NULL,
  `video` varchar(255) DEFAULT NULL,
  `thumbnail` varchar(255) NOT NULL,
  `theme_id` int(11) NOT NULL,
  PRIMARY KEY (`id`),
  KEY `fk_Job_Theme_idx` (`theme_id`),
  CONSTRAINT `fk_Job_Theme` FOREIGN KEY (`theme_id`) REFERENCES `theme` (`id`) ON DELETE NO ACTION ON UPDATE NO ACTION
) ENGINE=InnoDB AUTO_INCREMENT=16 DEFAULT CHARSET=utf8;
/*!40101 SET character_set_client = @saved_cs_client */;

--
-- Dumping data for table `job`
--

LOCK TABLES `job` WRITE;
/*!40000 ALTER TABLE `job` DISABLE KEYS */;
INSERT INTO `job` VALUES (1,'Développeur Front','Lorsque l\'on parle de «Front-End», il s\'agit finalement des éléments du site que l\'on voit à l\'écran et avec lesquels on peut interagir.','Lorsque l\'on parle de «Front-End», il s\'agit finalement des éléments du site que l\'on voit à l\'écran et avec lesquels on peut interagir. Ces éléments sont composés de HTML, CSS et de Javascript contrôlés par le navigateur web de l\'utilisateur. Les champs de compétence du Front-End peuvent être séparé en deux :\r\n- Le design\r\n- Le développement HTML, CSS, Javascript\r\n\r\nLe design est traditionnellement réalisé par un Web Designer qui produit des maquettes graphiques à l\'aide de Photoshop ou Fireworks. Cependant de plus en plus de web designers ont franchi la barrière et savent coder en HTML et CSS. Dans certains cas ils sont aussi capables de produire du Javascript. Auparavant lorsque l\'on parlait de développeur, on sous-entendait développeur Back-End. Maintenant on s\'aperçoit que certains web designers possèdent également des compétences en développement. Le développeur Front-End est donc une personne qui peut être issue du milieu du web design en ayant renforcé ses connaissances en développement. Il peut aussi être un développeur qui a choisi de se spécialiser dans les technologies et langages du Front-End tels que :\r\n- HTML\r\n- CSS\r\n- Javascript\r\n- jQuery\r\njQuery est un framework javascript, pour simplifier c\'est une bibliothèque Javascript qui permet de coder plus vite et plus simplement. Il existe de nombreuses bibliothèques Javascript plus ou moins complexes et adaptées à différents usages. Maintenant, pour que le site prenne vie et que le travail du développeur Front-End soit complété, c\'est au tour du développeur Back-End d\'intervenir !.','assets/images/image-metiers/Développeur Front-5ae97d1169ae2.jpg','https://www.youtube.com/embed/VsJg-t0GroA','assets/images/card-metiers/Développeur Front-5ae97d1169ae2.jpg',1),(2,'Développeur Back','Le Back-End, c\'est un peu comme la partie immergée de l\'iceberg.','Le Back-End, c\'est un peu comme la partie immergée de l\'iceberg. Elle est invisible pour les visiteurs mais représente une grande partie du développement d\'un projet web. Sans elle, le site web reste une coquille vide. On peut décomposer le Back-End en trois parties essentielles :\r\n- Un serveur (ou hébergement web)\r\n- Une application (en l’occurrence le site web)\r\n- Une base de données (ou l\'on stocke les données de l\'application).','assets/images/image-metiers/Développeur Back-5ae97d70b02d3.jpg','https://www.youtube.com/embed/VsJg-t0GroA','assets/images/card-metiers/Développeur Back-5ae97d70b02d3.jpg',1),(3,'Développeur Full Stack','Les missions du développeur full-stack sont très diversifiées, mais elles dépendent aussi beaucoup.','Les missions du développeur full-stack sont très diversifiées, mais elles dépendent aussi beaucoup des besoins de l’entreprise pour laquelle il travaille. Il peut aussi bien travailler sur le back office du site que sur le front end. De même, il peut se charger de l’architecture du site, de l’expérience utilisateur et même de l’intégration html. Un véritable touche à tout qui peut sembler être un OVNI, alors que la tendance, depuis quelques années, est à la spécialisation des développeurs. Inutile de préciser que les startups sont paticulièrement intéressées par ce profil. Lorsqu’elles se lancent, elles ne peuvent pas souvent embaucher plusieurs développeurs. L’embauche d’un développeur full-stack est donc une solution à la fois pratique et économique pour les startups et les petites entreprises. Le développeur full-stack doit maîtriser les principales technologies et les principaux langages de programmation actuellement utilisés s’il veut pouvoir à la fois intervenir sur le front end et le back end des sites Internet ou des applications. Ce professionnel doit donc posséder des compétences généralistes. Il doit aussi savoir faire preuve d’adaptation, car dans la même journée, il peut être amené à travailler sur des missions vraiment très différentes les unes des autres.','assets/images/image-metiers/Développeur Full Stack-5ae97d841eb74.jpg','https://www.youtube.com/embed/VsJg-t0GroA','assets/images/card-metiers/Développeur Full Stack-5ae97d841eb74.jpg',1),(4,'Développeur Ops','Les équipes de développement ont besoin de communiquer avec les équipes opérationnelles.','Les équipes de développement ont besoin de communiquer avec les équipes opérationnelles. Elles doivent pouvoir adapter rapidement leur environnement de développement et les changements d’architecture sur leur code. De la même manière, lorsqu’une nouvelle fonctionnalité demande un changement d’architecture ou l’installation d’un nouvel environnement et/ou serveur, les équipes opérationnelles se doivent d’être de bon conseil sur la configuration et l’installation. Elles auront souvent une vision plus juste que les développeurs. Les équipes opérationnelles ont besoin de communiquer avec les équipes de développement qui ont des connaissances sur des outils, des processus qui peuvent aider à rendre les environnements plus facile à gérer, plus efficace et plus propre. Elles ont également besoin de comprendre le besoin applicatif et fonctionnel des développeurs pour permettre une meilleure optimisation des ressources, un meilleur monitoring et une meilleure remontée d’erreur. Les méthodes agiles ne sont pas réservées uniquement aux équipes de développement mais peuvent aussi être appliquées sur toute la chaîne IT. Les méthodologies de développement Agile comme Kanban et Scrum peuvent révolutionner les pratiques opérationnelles de la même manière qu’elles ont changé la façon dont les développements s’opèrent. Prenons l’exemple de l’analyse des problèmes en production qui nécessite une coopération entre les équipes d’exploitation et celles de développement comme la gestion des logs et des exceptions, des outils de concentration et d’analyse de logs.','assets/images/image-metiers/Développeur Ops-5ae97e072e7d9.jpg','https://www.youtube.com/embed/VsJg-t0GroA','assets/images/card-metiers/Développeur Ops-5ae97e072e7d9.jpg',1),(5,'Développeur Mobile','Le développeur mobile réalise des applications : il peut s’agir de la version mobile d’un site Internet.','Le développeur mobile réalise des applications : il peut s’agir de la version mobile d’un site Internet ou d’une véritable application consultable sur smartphone et/ou tablette. Mais plus précisément, voici ses principales missions :\r\n\r\n– Il analyse le cahier des charges fourni par le chef de projet web mobile avec qui il travaille en étroite collaboration. Ce cahier des charges reprend les besoins du client ainsi que les spécifications à respecter. – Il choisit une solution technique en fonction des spécificités du projet\r\n\r\n– Il réalise l’application. Pendant le développement technique, il reste en contact avec l’équipe chargée du web design ou de la production du contenu pour conserver une cohérence dans le projet. – Il réalise des tests pour vérifier que l’application mobile répond bien au cahier des charges. – Eventuellement, il peut se charger de la maintenance de l’application en cas de bug, mais aussi du développement de nouvelles fonctionnalités. A noter que le développeur mobile peut travailler en freelance, en agence, mais aussi en entreprise (notamment pour les grands comptes disposant d’un service informatique). Les compétences requises\r\n\r\nQu’il préfère développer des applications pour Android, IOS ou Windows, il reste essentiel pour ce professionnel de parfaitement connaître les enjeux du mobile. Une parfaite maîtrise des normes (W3C, HTML5 ou encore CSS pour ne citer que les principales), mais aussi des interdits (javascript, Flash…) en mobile sont donc indispensables.','assets/images/image-metiers/Développeur Mobile-5ae97e136e4ae.jpg','https://www.youtube.com/embed/VsJg-t0GroA','assets/images/card-metiers/Développeur Mobile-5ae97e136e4ae.jpg',1),(6,'SEO','SEO est l’acronyme de Search Engine Optimization et peut être défini comme l’art de positionner un site, une page web ou une application.','SEO est l’acronyme de Search Engine Optimization et peut être défini comme l’art de positionner un site, une page web ou une application dans les premiers résultats naturels des moteurs de recherche. En français, le SEO est désigné par le terme de référencement naturel. Dans le contexte Français et occidental, le SEO consiste essentiellement à « coller » aux « exigences » et modes de fonctionnement de Google qui concentre de 75 % à plus de 90 % des requêtes de recherche selon les pays. La position dans les SERPs est obtenue à partir du score de pertinence attribué à la page par l’algorithme du moteur de recherche sur une requête donnée. Elle n’est pas la résultante d’un paiement fait au moteur de recherche contrairement à ce qui se passe avec l’usage des liens commerciaux. Le SEO constitue avec les liens commerciaux (SEA) les deux grandes composantes du search engine marketing (SEM = SEO + SEA). Sur les requêtes visées, la position obtenue se doit d’être en première page, car lors de la majeure partie des requêtes, c’est la seule page consultée. Le Graal du référenceur ou expert SEO fut longtemps la première position mais, désormais, il peut même s’agir d’obtenir la position zéro. Cette tendance devrait d’ailleurs se renforcer avec la montée en puissance des requêtes vocales pour lesquelles il ne s’agira pas d’être vu mais entendu. Les grands domaines du référencement naturel ou SEO sont :\r\n– Les éléments techniques ou d’infrastructures (nom de domaine, optimisation crawl, conformité code, etc. )\r\n– Les éléments d’optimisations de contenus des pages (on-page SEO)\r\n– Le développement et l’optimisation de liens externes (backlinks) à travers les pratiques de netlinking.','assets/images/image-metiers/SEO-5ae97f1cb3642.jpg','https://www.youtube.com/embed/MmCTZP0j5h8','assets/images/card-metiers/SEO-5ae97f1cb3642.jpg',2),(7,'Web Master','Programmation, webdesign, rédaction, webmarketing, reporting, gestion de projet.','Le webmaster est un collaborateur pluri-disciplinaire : Programmation, webdesign, rédaction, webmarketing, reporting, gestion de projet. Ses connaissances en technologies de l’internet, de l’information et de l’informatique lui permettent une approche globale de ce que l’on appelle aujourd’hui le DIGITAL. Il est le médecin généraliste des sites internet. - Intégration, création et administration de sites internet\r\n- Pilotage et mise en place du SEO, SEA et SMO\r\n- Suivi des KPI\r\n\r\nAnimation et mise à jour des supports digitaux (site web et réseaux sociaux)\r\nLe webmaster est capable d’utiliser les langages de programmation pour développer et pérenniser un site internet : Cela passe par des connaissances des technologies du web et les outils de création de site internet. HTML, PHP, bases de données, serveurs web, design CSS, Prestashop, Wordpress, Framework… sont des outils que le technicien connait !.','assets/images/image-metiers/Web Master-5ae980aec364f.jpg','https://www.youtube.com/embed/MmCTZP0j5h8','assets/images/card-metiers/Web Master-5ae980aec364f.jpg',2),(8,'Web Marketting','Ensemble des techniques marketing et publicitaires utilisées dans l’environnement Internet.','Le Web Marketing peut être défini comme l’ensemble des techniques marketing et publicitaires utilisées dans l’environnement Internet. Les principes du Web Marketing empruntent évidemment au marketing traditionnel, mais le Web Marketing comprend des techniques qui lui sont propres et de forts particularismes. Le développement du Web Marketing et de ses enjeux a également généré l’apparition de nouvelles compétences et de nouveaux métiers. Comme spécificités ou particularismes du Web Marketing on peut citer :\r\n \r\n– un marketing dynamique et en temps réel ( les offres personnalisées sur les sites marchands et messages publicitaires s’affichent en temps réel)\r\n– un marketing dématérialisé ou numérique ( ceci entraîne notamment une baisse des coûts de contact et des possibilités réelles de one to one)\r\n– un marketing à forte dimension technique\r\n– un marketing très évolutif lié à l’évolution de l’environnement technique\r\n– des capacités de tracking hors normes, que certains considèrent parfois comme inquiétantes ( Tracking des campagnes et individus)\r\n– un marketing « ROiste » ( le tracking permet de mesurer le ROI)\r\n– un marketing de la donnée (résultat du tracking)\r\n–. Parmi les principales techniques du Web Marketing, on peut citer : \r\n– les liens commerciaux (SEM)\r\n– le référencement naturel (SEO)\r\n– l’email marketing\r\n– la publicité Internet ou display\r\n– l’affiliation\r\n– la web analytique\r\n– l’e-merchandising\r\n– l’ergonomie web / usabilité\r\n– le marketing viral et social\r\n–.','assets/images/image-metiers/Web Marketting-5ae9816d48690.jpg','https://www.youtube.com/embed/MmCTZP0j5h8','assets/images/card-metiers/Web Marketting-5ae9816d48690.jpg',1),(9,'Administrateur Système','L’administrateur systèmes et réseaux a pour mission d’offrir un réseau informatique de qualité à l’entreprise.','L’administrateur systèmes et réseaux a pour mission d’offrir un réseau informatique de qualité à l’entreprise. Pour conduire des projets informatiques, administrer le réseau et apporter un support aux utilisateurs, il doit :\r\n\r\nÉtablir les exigences de performance du réseau\r\nDéfinir les projets d’extension, de modification du réseau\r\nConfigurer le matériel à intégrer au réseau\r\nDévelopper des tableaux de bord de performance du réseau\r\nMettre en place et contrôler les procédures de sécurité (droits d’accès, mots de passe…)\r\nApporter son aide aux utilisateurs sur un problème lié au réseau\r\nPrévenir les anomalies et les pannes de fonctionnement du réseau\r\nFaire de la veille technologique.','assets/images/image-metiers/Administrateur Système-5ae9830dc7eb6.jpg','https://www.youtube.com/embed/10vY-TVxSSM','assets/images/card-metiers/Administrateur Système-5ae9830dc7eb6.jpg',3),(10,'Cyber Sécurité','Protéger les données et la fiabilité du système informatique d\'une entreprise, telle sera votre mission.','Protéger les données et la fiabilité du système informatique d\'une entreprise, telle est la mission qui incombe à l\'expert en sécurité informatique. Pour cela, l\'expert en sécurité informatique est amené à :\r\n• réaliser un diagnostic du système d\'information d\'une entreprise dans le but de déceler les éventuels points faibles ;\r\n• apporter différentes solutions de protection pour sécuriser les informations et les données d\'une entreprise ;\r\n• mettre en place les différents processus de sécurité ;\r\n• garantir la pérennité des systèmes de sécurité ;\r\n• actualiser les systèmes de sécurité en fonction des nouvelles menaces et des dernières technologies. Qualités requises\r\nDes connaissances approfondies des systèmes de sécurité informatique sont évidemment indispensables pour pouvoir prétendre postuler à ce poste. Un bon expert en sécurité informatique possédera ainsi un très large panel de connaissances informatiques (cryptologie, pare-feu, limitation des accès au réseau, etc. ) et surtout régulièrement mises à jour. Faire preuve d\'un esprit de synthèse et d\'une vision d\'ensemble d\'un système est la deuxième qualité nécessaire à cet expert informatique pour réussir sa mission. Extrêmement réactif tout en étant capable de réagir très rapidement à un problème de sécurité, l\'expert en sécurité informatique se doit également d\'être pédagogue et se révélera être un très bon communicant pour entretenir de bonnes relations de travail avec ses collaborateurs.','assets/images/image-metiers/Cyber Sécurité-5ae9839fd2601.jpg','https://www.youtube.com/embed/10vY-TVxSSM','assets/images/card-metiers/Cyber Sécurité-5ae9839fd2601.jpg',3),(11,'UX Designer','Le designer UX (design de l’expérience utilisateur) a pour objectif d’insérer du storytelling (mise en récit).','Le designer UX (design de l’expérience utilisateur) a pour objectif d’insérer du storytelling (mise en récit) dans une expérience d’utilisation pour faire naître de l’émotion chez l’internaute ; son rôle est donc plus stratégique. Il prend en compte les attentes et les besoins de l’utilisateur. Il doit rendre le site facile à trouver, accessible, créer la confiance, facile à prendre en main, crédible et productif. Les designers UX et UI sont à la fois des créatifs avec un fort potentiel d\'imagination mais aussi des techniciens et des programmeurs. Ils doivent également avoir des connaissances en psychologie et sociologie. Ces professionnels travaillent principalement dans des agences web, des agences de communication ou des agences de design. Ils peuvent aussi exercer au sein de grandes entreprises ou à l\'inverse dans des startups.','assets/images/image-metiers/UX Designer-5ae983b17cdef.jpg','https://www.youtube.com/embed/Ecmg8nsRKlM','assets/images/card-metiers/UX Designer-5ae983b17cdef.jpg',4),(12,'UI Designer','Le designer UI (design de l’interface utilisateur) s’occupe du lien entre la machine et l’homme.','Le designer UI (design de l’interface utilisateur) s’occupe du lien entre la machine et l’homme. Il est en charge de la conception générale de l’interface, de la clarté de la navigation, de l’optimisation des parcours et aussi de la qualité des contenus. Son objectivité est guidée par l’efficacité. Il organise des éléments graphiques et textuels sur la base de normes techniques. Les designers UX et UI sont à la fois des créatifs avec un fort potentiel d\'imagination mais aussi des techniciens et des programmeurs. Ils doivent également avoir des connaissances en psychologie et sociologie. Ces professionnels travaillent principalement dans des agences web, des agences de communication ou des agences de design. Ils peuvent aussi exercer au sein de grandes entreprises ou à l\'inverse dans des startups.','assets/images/image-metiers/UI Designer-5ae983cddbe85.jpg','https://www.youtube.com/embed/Ecmg8nsRKlM','assets/images/card-metiers/UI Designer-5ae983cddbe85.jpg',4),(13,'Ergonome','L’ergonomie web regroupe les études et les préconisations relatives à l’amélioration de l’expérience utilisateur sur un site web.','L’ergonomie web regroupe les études et les préconisations relatives à l’amélioration de l’expérience utilisateur sur un site web. La vocation de l’ergonomie web est d’assurer qu’un visiteur puisse entreprendre dans les meilleurs conditions de confort et avec facilité les actions nécessaires (achat par exemple) ou qu’il trouve facilement les informations recherchées. L’ergonomie web comprend entre autres :\r\n– l’accessibilité\r\n– l’ergonomie des formulaires\r\n– l’ergonomie visuelle\r\n– l’ergonomie de la recherche et de l’accès produit\r\n– l’ergonomie de la procédure de commande\r\n…. Les outils et techniques d’études principalement utilisés en ergonomie web sont :\r\n– l’eye tracking\r\n– les tests utilisateurs\r\n– les audits experts\r\n– les études de webanalytique.','assets/images/image-metiers/Ergonome-5ae983de961f0.jpg','https://www.youtube.com/embed/Ecmg8nsRKlM','assets/images/card-metiers/Ergonome-5ae983de961f0.jpg',4),(14,'Design de service','Par définition le service design est une approche de conception qui permet d’aboutir à un produit ou à un service qui centre son expérience.','Par définition le service design est une approche de conception qui permet d’aboutir à un produit ou à un service qui centre son expérience sur les besoins des utilisateurs. Néanmoins ce n’est pas tant l’expérience du produit fini qui importe mais plutôt le processus qui permet d’arriver à ce résultat. Aujourd’hui, les entreprises comprennent le bénéfice de devoir proposer à leurs clients un produit ou un service qui soit utilisable, accessible et agréable d’utilisation. Ce n’est évidemment pas encore le cas pour tous, mais c’est pourtant une nécessité si une entreprise souhaite générer de l’attention auprès de leur clientèle. En soi, le design d’expérience utilisateur dans son sens le plus ergonomique qui soit, est une règle comprise et admise par la « majorité » des entreprises. Pour y arriver, les entreprises font appel à des sociétés externes ou plus généralement recrutent en interne des UX designers qui vont essayer d’améliorer le processus de conception du service/produit. Dans ce cadre, le design UX est utilisé comme un moyen d’améliorer l’expérience d’un produit ou d’un service mais seulement pour son côté fonctionnel ou pragmatique. Ainsi, les entreprises se concentrent uniquement sur l’utilisabilité du produit fini plutôt que sur l’amélioration de l’expérience vécue pendant l’utilisation.','assets/images/image-metiers/Design de service-5ae983f0a9a69.jpg','https://www.youtube.com/embed/Ecmg8nsRKlM','assets/images/card-metiers/Design de service-5ae983f0a9a69.jpg',4),(15,'Responsable de la sécurité des systèmes d\'information','Le RSSI garantit la sécurité, la disponibilité et l\'intégrité du systèmes d\'information et des données.','Le responsable de la sécurité des systèmes d\'information (RSSI ; en anglais, Chief information security officer ou CISO) d\'une organisation (entreprise, association ou institution) est l\'expert qui garantit la sécurité, la disponibilité et l\'intégrité du système d\'information et des données. Si le RSSI est souvent rattaché à la Direction des systèmes d\'information (DSI), il est parfois rattaché à la direction générale de l\'entreprise dans les grands groupes, compte tenu des enjeux et des risques (notamment juridiques) portés par le système d\'information. Le RSSI est tenu à une déontologie professionnelle stricte, et au respect du droit.','assets/images/image-metiers/Responsable de la sécurité des systèmes d\'information-5aec4029d3787.jpg','https://www.youtube.com/embed/z-7JIiAWp6s','assets/images/card-metiers/Responsable de la sécurité des systèmes d\'information-5aec4029d3787.jpg',3);
/*!40000 ALTER TABLE `job` ENABLE KEYS */;
UNLOCK TABLES;

--
-- Table structure for table `theme`
--

DROP TABLE IF EXISTS `theme`;
/*!40101 SET @saved_cs_client     = @@character_set_client */;
/*!40101 SET character_set_client = utf8 */;
CREATE TABLE `theme` (
  `id` int(11) NOT NULL AUTO_INCREMENT,
  `name` varchar(255) NOT NULL,
  PRIMARY KEY (`id`)
) ENGINE=InnoDB AUTO_INCREMENT=5 DEFAULT CHARSET=utf8;
/*!40101 SET character_set_client = @saved_cs_client */;

--
-- Dumping data for table `theme`
--

LOCK TABLES `theme` WRITE;
/*!40000 ALTER TABLE `theme` DISABLE KEYS */;
INSERT INTO `theme` VALUES (1,'Développement'),(2,'Réseau'),(3,'Système'),(4,'Design');
/*!40000 ALTER TABLE `theme` ENABLE KEYS */;
UNLOCK TABLES;
/*!40103 SET TIME_ZONE=@OLD_TIME_ZONE */;

/*!40101 SET SQL_MODE=@OLD_SQL_MODE */;
/*!40014 SET FOREIGN_KEY_CHECKS=@OLD_FOREIGN_KEY_CHECKS */;
/*!40014 SET UNIQUE_CHECKS=@OLD_UNIQUE_CHECKS */;
/*!40101 SET CHARACTER_SET_CLIENT=@OLD_CHARACTER_SET_CLIENT */;
/*!40101 SET CHARACTER_SET_RESULTS=@OLD_CHARACTER_SET_RESULTS */;
/*!40101 SET COLLATION_CONNECTION=@OLD_COLLATION_CONNECTION */;
/*!40111 SET SQL_NOTES=@OLD_SQL_NOTES */;

-- Dump completed on 2018-05-11 10:48:48
